"","Coordinates","Lanes","Length"
"1","13.692715,100.599472",2,10
"2","13.705761,100.594313",2,10
"3","13.703044,100.588864",2,10
